Index,Run,Backend,Time(ms),Users
0,0,mysql,114,100
1,1,mysql,105,100
2,2,mysql,103,100
3,3,mysql,107,100
4,4,mysql,109,100
5,5,mysql,105,100
6,6,mysql,102,100
7,7,mysql,124,100
8,8,mysql,121,100
9,9,mysql,109,100
10,0,mysql,114,1000
11,1,mysql,113,1000
12,2,mysql,111,1000
13,3,mysql,112,1000
14,4,mysql,113,1000
15,5,mysql,110,1000
16,6,mysql,112,1000
17,7,mysql,125,1000
18,8,mysql,113,1000
19,9,mysql,112,1000
20,0,mysql,129,10000
21,1,mysql,122,10000
22,2,mysql,119,10000
23,3,mysql,118,10000
24,4,mysql,117,10000
25,5,mysql,120,10000
26,6,mysql,121,10000
27,7,mysql,122,10000
28,8,mysql,119,10000
29,9,mysql,132,10000
30,0,mysql,2168,100000
31,1,mysql,1335,100000
32,2,mysql,1024,100000
33,3,mysql,862,100000
34,4,mysql,656,100000
35,5,mysql,651,100000
36,6,mysql,573,100000
37,7,mysql,548,100000
38,8,mysql,497,100000
39,9,mysql,509,100000
40,0,pelton,75,100
41,1,pelton,28,100
42,2,pelton,26,100
43,3,pelton,60,100
44,4,pelton,24,100
45,5,pelton,25,100
46,6,pelton,65,100
47,7,pelton,25,100
48,8,pelton,29,100
49,9,pelton,64,100
50,0,pelton,75,1000
51,1,pelton,28,1000
52,2,pelton,26,1000
53,3,pelton,60,1000
54,4,pelton,24,1000
55,5,pelton,25,1000
56,6,pelton,65,1000
57,7,pelton,25,1000
58,8,pelton,29,1000
59,9,pelton,64,1000
60,0,pelton,79,10000
61,1,pelton,31,10000
62,2,pelton,27,10000
63,3,pelton,65,10000
64,4,pelton,33,10000
65,5,pelton,28,10000
66,6,pelton,65,10000
67,7,pelton,34,10000
68,8,pelton,28,10000
69,9,pelton,65,10000
70,0,pelton,77,100000
71,1,pelton,44,100000
72,2,pelton,40,100000
73,3,pelton,67,100000
74,4,pelton,31,100000
75,5,pelton,35,100000
76,6,pelton,63,100000
77,7,pelton,30,100000
78,8,pelton,32,100000
79,9,pelton,65,100000